method,mechanism,missing_rate,variable,metric,mean_value,sd_value,n_repetitions
complete_case,MAR,0.1,age,nrmse,,,0
knn,MAR,0.1,age,nrmse,1.0775746730485036,0.1203101373696383,8
mean_mode,MAR,0.1,age,nrmse,1.0866298592671377,0.062017025090410294,8
mice,MAR,0.1,age,nrmse,1.2944917841877837,0.1242822988714685,8
missforest,MAR,0.1,age,nrmse,0.8938046394641804,0.0536770503030655,8
complete_case,MAR,0.2,age,nrmse,,,0
knn,MAR,0.2,age,nrmse,1.0915135154596671,0.06475625925840567,8
mean_mode,MAR,0.2,age,nrmse,1.0754967420035,0.04091501431203011,8
mice,MAR,0.2,age,nrmse,1.2880241935490937,0.1138977784342298,8
missforest,MAR,0.2,age,nrmse,0.9240406080907765,0.05085434771441158,8
complete_case,MAR,0.3,age,nrmse,,,0
knn,MAR,0.3,age,nrmse,1.1158426551628462,0.05219592367940573,8
mean_mode,MAR,0.3,age,nrmse,1.068609252251843,0.016858824383151907,8
mice,MAR,0.3,age,nrmse,1.2971837044032224,0.042366155935315265,8
missforest,MAR,0.3,age,nrmse,0.9212507910374274,0.03125268281303715,8
complete_case,MCAR,0.1,age,nrmse,,,0
knn,MCAR,0.1,age,nrmse,1.0337530924242797,0.061600907779398396,8
mean_mode,MCAR,0.1,age,nrmse,1.0009789753798797,0.005313105070216293,8
mice,MCAR,0.1,age,nrmse,1.1897976875982792,0.10635582721143733,8
missforest,MCAR,0.1,age,nrmse,0.8306339439742808,0.05733175037919354,8
complete_case,MCAR,0.2,age,nrmse,,,0
knn,MCAR,0.2,age,nrmse,1.0712054794436214,0.06793499283072328,8
mean_mode,MCAR,0.2,age,nrmse,1.0034248800712466,0.008141146241291123,8
mice,MCAR,0.2,age,nrmse,1.2684527396681897,0.0670084982289551,8
missforest,MCAR,0.2,age,nrmse,0.8351817279649282,0.03237305438034296,8
complete_case,MCAR,0.3,age,nrmse,,,0
knn,MCAR,0.3,age,nrmse,1.0840101034574017,0.03558237090817431,8
mean_mode,MCAR,0.3,age,nrmse,1.0006243187384012,0.002739478547238929,8
mice,MCAR,0.3,age,nrmse,1.2640709645368313,0.07225826676343118,8
missforest,MCAR,0.3,age,nrmse,0.8647084819835311,0.032305962632326685,8
complete_case,MAR,0.1,bmi,nrmse,,,0
knn,MAR,0.1,bmi,nrmse,1.1057358193553775,0.05727964269231833,8
mean_mode,MAR,0.1,bmi,nrmse,1.0581618017956769,0.029444068318083837,8
mice,MAR,0.1,bmi,nrmse,1.234940777689231,0.062423241246412624,8
missforest,MAR,0.1,bmi,nrmse,0.996429287683607,0.04317512550392605,8
complete_case,MAR,0.2,bmi,nrmse,,,0
knn,MAR,0.2,bmi,nrmse,1.1226641467357505,0.035480805768403886,8
mean_mode,MAR,0.2,bmi,nrmse,1.0557409282680201,0.022595733381570126,8
mice,MAR,0.2,bmi,nrmse,1.2925104605222015,0.058100101214985295,8
missforest,MAR,0.2,bmi,nrmse,1.0006077456455242,0.03854278637132678,8
complete_case,MAR,0.3,bmi,nrmse,,,0
knn,MAR,0.3,bmi,nrmse,1.1098983762577017,0.0283135145496846,8
mean_mode,MAR,0.3,bmi,nrmse,1.0452979758281646,0.0184353274211237,8
mice,MAR,0.3,bmi,nrmse,1.3308860589784084,0.053264595346815456,8
missforest,MAR,0.3,bmi,nrmse,1.016945277776023,0.01614641566832481,8
complete_case,MCAR,0.1,bmi,nrmse,,,0
knn,MCAR,0.1,bmi,nrmse,1.107262117398134,0.06334597710148163,8
mean_mode,MCAR,0.1,bmi,nrmse,1.0066529642096953,0.019158181048778773,8
mice,MCAR,0.1,bmi,nrmse,1.3667316220109527,0.1498095189659487,8
missforest,MCAR,0.1,bmi,nrmse,0.9754111279050115,0.057214804747321914,8
complete_case,MCAR,0.2,bmi,nrmse,,,0
knn,MCAR,0.2,bmi,nrmse,1.0896167052059367,0.04371024835085585,8
mean_mode,MCAR,0.2,bmi,nrmse,1.000095224630879,0.0037504003359373162,8
mice,MCAR,0.2,bmi,nrmse,1.3488502345635922,0.05440672913868367,8
missforest,MCAR,0.2,bmi,nrmse,0.9640779251297368,0.031796149559912265,8
complete_case,MCAR,0.3,bmi,nrmse,,,0
knn,MCAR,0.3,bmi,nrmse,1.1096969676306494,0.049990534781161056,8
mean_mode,MCAR,0.3,bmi,nrmse,1.0008555161954256,0.0037408964898864297,8
mice,MCAR,0.3,bmi,nrmse,1.3756208059218191,0.07732634491261171,8
missforest,MCAR,0.3,bmi,nrmse,0.9725318349129642,0.02031106201499485,8
complete_case,MAR,0.1,income_ratio,nrmse,,,0
knn,MAR,0.1,income_ratio,nrmse,1.1822515320233482,0.06737127018588981,8
mean_mode,MAR,0.1,income_ratio,nrmse,0.9990099532658792,0.004708556961064397,8
mice,MAR,0.1,income_ratio,nrmse,1.3938639532626338,0.11127555009206964,8
missforest,MAR,0.1,income_ratio,nrmse,0.9805956226793624,0.035045139262576006,8
complete_case,MAR,0.2,income_ratio,nrmse,,,0
knn,MAR,0.2,income_ratio,nrmse,1.2497896121625984,0.05577680128416755,8
mean_mode,MAR,0.2,income_ratio,nrmse,1.0013414109378977,0.00537538133368934,8
mice,MAR,0.2,income_ratio,nrmse,1.408399679514201,0.06809719228204335,8
missforest,MAR,0.2,income_ratio,nrmse,1.0279392525312152,0.02055714229926961,8
complete_case,MAR,0.3,income_ratio,nrmse,,,0
knn,MAR,0.3,income_ratio,nrmse,1.2357358787861725,0.04449009492359849,8
mean_mode,MAR,0.3,income_ratio,nrmse,1.0008891545510779,0.004961629837497046,8
mice,MAR,0.3,income_ratio,nrmse,1.451390752348647,0.05868222800485805,8
missforest,MAR,0.3,income_ratio,nrmse,1.041379820657653,0.02675165259523539,8
complete_case,MCAR,0.1,income_ratio,nrmse,,,0
knn,MCAR,0.1,income_ratio,nrmse,1.182927559630193,0.04249375670401164,8
mean_mode,MCAR,0.1,income_ratio,nrmse,0.9999974729936786,0.007573408930618882,8
mice,MCAR,0.1,income_ratio,nrmse,1.3165930500633396,0.07320764950320262,8
missforest,MCAR,0.1,income_ratio,nrmse,0.9896318309706295,0.027626381355858952,8
complete_case,MCAR,0.2,income_ratio,nrmse,,,0
knn,MCAR,0.2,income_ratio,nrmse,1.2089458174794505,0.04313064054483303,8
mean_mode,MCAR,0.2,income_ratio,nrmse,0.9988223622686704,0.002410742812535698,8
mice,MCAR,0.2,income_ratio,nrmse,1.4037804121369017,0.03345897946226645,8
missforest,MCAR,0.2,income_ratio,nrmse,0.9957316306415551,0.027916502073021866,8
complete_case,MCAR,0.3,income_ratio,nrmse,,,0
knn,MCAR,0.3,income_ratio,nrmse,1.218920812103081,0.04804789481683064,8
mean_mode,MCAR,0.3,income_ratio,nrmse,1.0006924766319796,0.003141651019849423,8
mice,MCAR,0.3,income_ratio,nrmse,1.372442199275417,0.06319905422254915,8
missforest,MCAR,0.3,income_ratio,nrmse,1.0355244333623441,0.02988204604359267,8
complete_case,MAR,0.1,systolic_bp,nrmse,,,0
knn,MAR,0.1,systolic_bp,nrmse,1.0209854105083074,0.04565381712555064,8
mean_mode,MAR,0.1,systolic_bp,nrmse,1.0182772780360125,0.021807704483198135,8
mice,MAR,0.1,systolic_bp,nrmse,1.2631823329036749,0.12079846625951365,8
missforest,MAR,0.1,systolic_bp,nrmse,0.9299490993437637,0.07275273959378015,8
complete_case,MAR,0.2,systolic_bp,nrmse,,,0
knn,MAR,0.2,systolic_bp,nrmse,1.0773353969400319,0.034399411157018334,8
mean_mode,MAR,0.2,systolic_bp,nrmse,1.0289826316945365,0.01675241604926038,8
mice,MAR,0.2,systolic_bp,nrmse,1.311923279362297,0.08153678255325188,8
missforest,MAR,0.2,systolic_bp,nrmse,0.984552229954195,0.033198093289112156,8
complete_case,MAR,0.3,systolic_bp,nrmse,,,0
knn,MAR,0.3,systolic_bp,nrmse,1.0635210643740927,0.012675860147603796,8
mean_mode,MAR,0.3,systolic_bp,nrmse,1.0387546565815575,0.018006940131483757,8
mice,MAR,0.3,systolic_bp,nrmse,1.3320583766516907,0.06653139777760844,8
missforest,MAR,0.3,systolic_bp,nrmse,1.0024592622862705,0.02735013584688957,8
complete_case,MCAR,0.1,systolic_bp,nrmse,,,0
knn,MCAR,0.1,systolic_bp,nrmse,1.0042027122484798,0.06041913144801062,8
mean_mode,MCAR,0.1,systolic_bp,nrmse,1.0019248486451375,0.008536360907375043,8
mice,MCAR,0.1,systolic_bp,nrmse,1.203432205789299,0.13935099889161737,8
missforest,MCAR,0.1,systolic_bp,nrmse,0.8893701940917071,0.04571794533902439,8
complete_case,MCAR,0.2,systolic_bp,nrmse,,,0
knn,MCAR,0.2,systolic_bp,nrmse,1.01906462506239,0.03450583370068394,8
mean_mode,MCAR,0.2,systolic_bp,nrmse,1.0005379416627609,0.006805624195329342,8
mice,MCAR,0.2,systolic_bp,nrmse,1.2607529606538115,0.09921261507634356,8
missforest,MCAR,0.2,systolic_bp,nrmse,0.9170621530934889,0.03163597820906555,8
complete_case,MCAR,0.3,systolic_bp,nrmse,,,0
knn,MCAR,0.3,systolic_bp,nrmse,1.0443980090058949,0.015548033685600078,8
mean_mode,MCAR,0.3,systolic_bp,nrmse,1.0001369436233376,0.0015917292915820064,8
mice,MCAR,0.3,systolic_bp,nrmse,1.2945064418189731,0.05927534619677544,8
missforest,MCAR,0.3,systolic_bp,nrmse,0.9395242388768217,0.03438399274763173,8
complete_case,MAR,0.1,sex,pfc,,,0
knn,MAR,0.1,sex,pfc,0.446750950180896,0.04434046776642601,8
mean_mode,MAR,0.1,sex,pfc,0.5212794837097738,0.048778929423872346,8
mice,MAR,0.1,sex,pfc,0.5022048730445016,0.052164631227911276,8
missforest,MAR,0.1,sex,pfc,0.4241762268279776,0.031255001751053196,8
complete_case,MAR,0.2,sex,pfc,,,0
knn,MAR,0.2,sex,pfc,0.4634966093805169,0.033426664333667415,8
mean_mode,MAR,0.2,sex,pfc,0.5154678016528382,0.02131457936360041,8
mice,MAR,0.2,sex,pfc,0.46314213214415084,0.018694084477953316,8
missforest,MAR,0.2,sex,pfc,0.4477111559048176,0.02633718822296563,8
complete_case,MAR,0.3,sex,pfc,,,0
knn,MAR,0.3,sex,pfc,0.4632949556285037,0.04121390139078237,8
mean_mode,MAR,0.3,sex,pfc,0.5276512962909495,0.035415723317438724,8
mice,MAR,0.3,sex,pfc,0.4765273191790881,0.022589103685510613,8
missforest,MAR,0.3,sex,pfc,0.455053158407254,0.02171113853203286,8
complete_case,MCAR,0.1,sex,pfc,,,0
knn,MCAR,0.1,sex,pfc,0.4514439746009562,0.05196320148590591,8
mean_mode,MCAR,0.1,sex,pfc,0.5269764997481545,0.038189020502488145,8
mice,MCAR,0.1,sex,pfc,0.48565281710161307,0.06864706899617448,8
missforest,MCAR,0.1,sex,pfc,0.43583250254806183,0.04459711416116722,8
complete_case,MCAR,0.2,sex,pfc,,,0
knn,MCAR,0.2,sex,pfc,0.45277582690536794,0.03959517262677361,8
mean_mode,MCAR,0.2,sex,pfc,0.5158790627740916,0.03459626724189079,8
mice,MCAR,0.2,sex,pfc,0.47842719729381333,0.04746307771941329,8
missforest,MCAR,0.2,sex,pfc,0.4317351561414531,0.05472509481726497,8
complete_case,MCAR,0.3,sex,pfc,,,0
knn,MCAR,0.3,sex,pfc,0.4601532218702007,0.023146022914056447,8
mean_mode,MCAR,0.3,sex,pfc,0.5069847165402109,0.01996050663160123,8
mice,MCAR,0.3,sex,pfc,0.49340243543672613,0.04956284570033307,8
missforest,MCAR,0.3,sex,pfc,0.4428010227615692,0.022028874322734496,8
complete_case,MAR,0.1,smoking_status,pfc,,,0
knn,MAR,0.1,smoking_status,pfc,0.4659496028453727,0.05690030722754577,8
mean_mode,MAR,0.1,smoking_status,pfc,0.45218405665258155,0.038847723412643906,8
mice,MAR,0.1,smoking_status,pfc,0.45827442382573724,0.04787742924214293,8
missforest,MAR,0.1,smoking_status,pfc,0.44170318561002275,0.042524709431173396,8
complete_case,MAR,0.2,smoking_status,pfc,,,0
knn,MAR,0.2,smoking_status,pfc,0.45426845373377045,0.031036603382181914,8
mean_mode,MAR,0.2,smoking_status,pfc,0.4658633554564658,0.025486033697813746,8
mice,MAR,0.2,smoking_status,pfc,0.44600596654659935,0.030751071736973785,8
missforest,MAR,0.2,smoking_status,pfc,0.42128586264377516,0.028061025199447906,8
complete_case,MAR,0.3,smoking_status,pfc,,,0
knn,MAR,0.3,smoking_status,pfc,0.4370354505611487,0.03495110019469604,8
mean_mode,MAR,0.3,smoking_status,pfc,0.44030687611049674,0.018039740814479496,8
mice,MAR,0.3,smoking_status,pfc,0.47689986729120615,0.026044242582674015,8
missforest,MAR,0.3,smoking_status,pfc,0.42036634933407324,0.026354800525307896,8
complete_case,MCAR,0.1,smoking_status,pfc,,,0
knn,MCAR,0.1,smoking_status,pfc,0.434444693122639,0.05299990115226146,8
mean_mode,MCAR,0.1,smoking_status,pfc,0.4116475815346941,0.03909534337785019,8
mice,MCAR,0.1,smoking_status,pfc,0.42243861205529654,0.044632368868431686,8
missforest,MCAR,0.1,smoking_status,pfc,0.38307691789454423,0.040727542047917537,8
complete_case,MCAR,0.2,smoking_status,pfc,,,0
knn,MCAR,0.2,smoking_status,pfc,0.41476845764028053,0.027302332990003415,8
mean_mode,MCAR,0.2,smoking_status,pfc,0.43195505323047606,0.012338192151447602,8
mice,MCAR,0.2,smoking_status,pfc,0.45475519979918766,0.03497205184345395,8
missforest,MCAR,0.2,smoking_status,pfc,0.40391807899133025,0.03340239671192926,8
complete_case,MCAR,0.3,smoking_status,pfc,,,0
knn,MCAR,0.3,smoking_status,pfc,0.45310048150048793,0.027395799858113114,8
mean_mode,MCAR,0.3,smoking_status,pfc,0.4408681834576453,0.030661013788191565,8
mice,MCAR,0.3,smoking_status,pfc,0.45750840005485877,0.023810127323853906,8
missforest,MCAR,0.3,smoking_status,pfc,0.44155447646382623,0.04367603512484518,8
complete_case,MAR,0.1,age,rmse,,,0
knn,MAR,0.1,age,rmse,17.29416275359741,1.2068276340203636,8
mean_mode,MAR,0.1,age,rmse,17.49694433153825,0.9589612644643221,8
mice,MAR,0.1,age,rmse,20.812483253358657,1.5743854757176332,8
missforest,MAR,0.1,age,rmse,14.386448537874118,0.7327986392916137,8
complete_case,MAR,0.2,age,rmse,,,0
knn,MAR,0.2,age,rmse,17.882283687347822,0.8676321050386664,8
mean_mode,MAR,0.2,age,rmse,17.62116054287296,0.3698030948814558,8
mice,MAR,0.2,age,rmse,21.055173032103525,0.891892531300211,8
missforest,MAR,0.2,age,rmse,15.134362414370578,0.5696172523228505,8
complete_case,MAR,0.3,age,rmse,,,0
knn,MAR,0.3,age,rmse,18.363300328242413,0.6333324025693834,8
mean_mode,MAR,0.3,age,rmse,17.59627400867759,0.43163934806762533,8
mice,MAR,0.3,age,rmse,21.35508165292829,0.6397320199355192,8
missforest,MAR,0.3,age,rmse,15.16523109486185,0.4320820958038337,8
complete_case,MCAR,0.1,age,rmse,,,0
knn,MCAR,0.1,age,rmse,17.371893998949833,0.6978854060942908,8
mean_mode,MCAR,0.1,age,rmse,16.841285047692626,0.49410700514672634,8
mice,MCAR,0.1,age,rmse,19.996551781803586,1.579896111928327,8
missforest,MCAR,0.1,age,rmse,13.9701352623933,0.9501767497054925,8
complete_case,MCAR,0.2,age,rmse,,,0
knn,MCAR,0.2,age,rmse,18.063779079579863,1.1387249327071156,8
mean_mode,MCAR,0.2,age,rmse,16.928430840143488,0.559203990964699,8
mice,MCAR,0.2,age,rmse,21.372831708099977,0.6680933491251175,8
missforest,MCAR,0.2,age,rmse,14.08048446271973,0.44227119026057027,8
complete_case,MCAR,0.3,age,rmse,,,0
knn,MCAR,0.3,age,rmse,18.59808124966422,0.6310805578196749,8
mean_mode,MCAR,0.3,age,rmse,17.16989821997002,0.33847005142520037,8
mice,MCAR,0.3,age,rmse,21.677968329247985,1.051652537865101,8
missforest,MCAR,0.3,age,rmse,14.845076892619883,0.8031368017176305,8
complete_case,MAR,0.1,bmi,rmse,,,0
knn,MAR,0.1,bmi,rmse,10.27026957373079,0.8954674083855264,8
mean_mode,MAR,0.1,bmi,rmse,9.839012623381326,0.8772497935005887,8
mice,MAR,0.1,bmi,rmse,11.461821506499946,0.8606265923575904,8
missforest,MAR,0.1,bmi,rmse,9.267669355447024,0.9066713080449177,8
complete_case,MAR,0.2,bmi,rmse,,,0
knn,MAR,0.2,bmi,rmse,9.772272018580038,0.5012648166322309,8
mean_mode,MAR,0.2,bmi,rmse,9.19262520232719,0.4920798616576335,8
mice,MAR,0.2,bmi,rmse,11.241220813251848,0.47545558657123804,8
missforest,MAR,0.2,bmi,rmse,8.708995383383245,0.4708917619717482,8
complete_case,MAR,0.3,bmi,rmse,,,0
knn,MAR,0.3,bmi,rmse,9.030289094952934,0.36140571271299704,8
mean_mode,MAR,0.3,bmi,rmse,8.512919647322892,0.4946102444287641,8
mice,MAR,0.3,bmi,rmse,10.83214906117282,0.630505774393261,8
missforest,MAR,0.3,bmi,rmse,8.277432907512537,0.38110497682591216,8
complete_case,MCAR,0.1,bmi,rmse,,,0
knn,MCAR,0.1,bmi,rmse,8.168139310054483,1.125586580566652,8
mean_mode,MCAR,0.1,bmi,rmse,7.44747977689972,1.1507925042673854,8
mice,MCAR,0.1,bmi,rmse,10.030925620422096,1.3616220178867267,8
missforest,MCAR,0.1,bmi,rmse,7.202963478930242,1.089934919249833,8
complete_case,MCAR,0.2,bmi,rmse,,,0
knn,MCAR,0.2,bmi,rmse,8.38514171506926,0.4465114730970002,8
mean_mode,MCAR,0.2,bmi,rmse,7.703996761616829,0.452748699322679,8
mice,MCAR,0.2,bmi,rmse,10.383796788687988,0.6194336048279742,8
missforest,MCAR,0.2,bmi,rmse,7.425056198231509,0.4794217909532901,8
complete_case,MCAR,0.3,bmi,rmse,,,0
knn,MCAR,0.3,bmi,rmse,8.26134618054614,0.4459581807973022,8
mean_mode,MCAR,0.3,bmi,rmse,7.456489686379038,0.38539728076576923,8
mice,MCAR,0.3,bmi,rmse,10.225064174841876,0.243795710977334,8
missforest,MCAR,0.3,bmi,rmse,7.24082572146777,0.2915128009590311,8
complete_case,MAR,0.1,income_ratio,rmse,,,0
knn,MAR,0.1,income_ratio,rmse,1.7948499339595112,0.09127869051569551,8
mean_mode,MAR,0.1,income_ratio,rmse,1.5184860840353673,0.07136221183928024,8
mice,MAR,0.1,income_ratio,rmse,2.1179723403625665,0.18929795123409057,8
missforest,MAR,0.1,income_ratio,rmse,1.4909263497738474,0.09464396397301321,8
complete_case,MAR,0.2,income_ratio,rmse,,,0
knn,MAR,0.2,income_ratio,rmse,1.897027001636661,0.09172487234776072,8
mean_mode,MAR,0.2,income_ratio,rmse,1.520564505102142,0.05448458276256364,8
mice,MAR,0.2,income_ratio,rmse,2.138341236965845,0.1209060166519687,8
missforest,MAR,0.2,income_ratio,rmse,1.5603311776355269,0.04232186384647737,8
complete_case,MAR,0.3,income_ratio,rmse,,,0
knn,MAR,0.3,income_ratio,rmse,1.8631647868280192,0.08818698082794554,8
mean_mode,MAR,0.3,income_ratio,rmse,1.508812462864557,0.03441565092315679,8
mice,MAR,0.3,income_ratio,rmse,2.186462393063862,0.05483371188121235,8
missforest,MAR,0.3,income_ratio,rmse,1.5700874490521926,0.060504478611372155,8
complete_case,MCAR,0.1,income_ratio,rmse,,,0
knn,MCAR,0.1,income_ratio,rmse,1.842575268780484,0.052191602595508126,8
mean_mode,MCAR,0.1,income_ratio,rmse,1.5586192197670135,0.04928295333714724,8
mice,MCAR,0.1,income_ratio,rmse,2.0513356841319723,0.1143010846494888,8
missforest,MCAR,0.1,income_ratio,rmse,1.542686912404171,0.06948080191741701,8
complete_case,MCAR,0.2,income_ratio,rmse,,,0
knn,MCAR,0.2,income_ratio,rmse,1.8644616768092528,0.07076861623737636,8
mean_mode,MCAR,0.2,income_ratio,rmse,1.5410899230136113,0.05253312817392367,8
mice,MCAR,0.2,income_ratio,rmse,2.1647718120673995,0.049307523942888364,8
missforest,MCAR,0.2,income_ratio,rmse,1.536226820229538,0.06404168738691629,8
complete_case,MCAR,0.3,income_ratio,rmse,,,0
knn,MCAR,0.3,income_ratio,rmse,1.903313813096749,0.07687713975300962,8
mean_mode,MCAR,0.3,income_ratio,rmse,1.5632228064425628,0.050293762245272565,8
mice,MCAR,0.3,income_ratio,rmse,2.141836660742748,0.06326915259780945,8
missforest,MCAR,0.3,income_ratio,rmse,1.6176279993524856,0.06907150187590963,8
complete_case,MAR,0.1,systolic_bp,rmse,,,0
knn,MAR,0.1,systolic_bp,rmse,20.480855066841496,1.822820520962551,8
mean_mode,MAR,0.1,systolic_bp,rmse,20.43089938619494,1.7214505652087784,8
mice,MAR,0.1,systolic_bp,rmse,25.304157557847784,2.8335544125455683,8
missforest,MAR,0.1,systolic_bp,rmse,18.692725876902152,2.4260600824755025,8
complete_case,MAR,0.2,systolic_bp,rmse,,,0
knn,MAR,0.2,systolic_bp,rmse,21.854523224288254,2.2306850234144613,8
mean_mode,MAR,0.2,systolic_bp,rmse,20.868138484929858,1.9652117570149592,8
mice,MAR,0.2,systolic_bp,rmse,26.487205599715715,1.3263279691713956,8
missforest,MAR,0.2,systolic_bp,rmse,19.96414707749114,1.9165423702820212,8
complete_case,MAR,0.3,systolic_bp,rmse,,,0
knn,MAR,0.3,systolic_bp,rmse,20.935733795255814,0.7941121167199207,8
mean_mode,MAR,0.3,systolic_bp,rmse,20.453192500173223,0.9466434019590209,8
mice,MAR,0.3,systolic_bp,rmse,26.191704064564792,0.908223862943679,8
missforest,MAR,0.3,systolic_bp,rmse,19.73495569550149,0.929856359718093,8
complete_case,MCAR,0.1,systolic_bp,rmse,,,0
knn,MCAR,0.1,systolic_bp,rmse,19.683706184427194,1.7218159145330743,8
mean_mode,MCAR,0.1,systolic_bp,rmse,19.662450442910817,1.6563107600880331,8
mice,MCAR,0.1,systolic_bp,rmse,23.50589842257735,2.245940183091066,8
missforest,MCAR,0.1,systolic_bp,rmse,17.440115598350978,1.5485027286985054,8
complete_case,MCAR,0.2,systolic_bp,rmse,,,0
knn,MCAR,0.2,systolic_bp,rmse,20.16684517835568,1.6427094048332824,8
mean_mode,MCAR,0.2,systolic_bp,rmse,19.81100414197173,1.668111828854311,8
mice,MCAR,0.2,systolic_bp,rmse,24.88246985243193,1.8977444056979762,8
missforest,MCAR,0.2,systolic_bp,rmse,18.14180515851758,1.4036035297226541,8
complete_case,MCAR,0.3,systolic_bp,rmse,,,0
knn,MCAR,0.3,systolic_bp,rmse,20.700897109336964,1.1821900260898566,8
mean_mode,MCAR,0.3,systolic_bp,rmse,19.831004832176202,1.249372261214453,8
mice,MCAR,0.3,systolic_bp,rmse,25.622513421579416,1.124146526897181,8
missforest,MCAR,0.3,systolic_bp,rmse,18.6281836477592,1.3537554747628857,8
