method,mechanism,missing_rate,term,mean_bias,empirical_sd,mean_model_se,ci_coverage,avg_ci_width,n_repetitions
complete_case,MAR,0.1,(Intercept),0.25227803573687024,0.39754521893353945,0.3203590875195759,0.875,1.2586260966397478,8
knn,MAR,0.1,(Intercept),-3.3821519500670805e-4,0.11007205398561123,0.2664656439341596,1,1.0458008270784045,8
mean_mode,MAR,0.1,(Intercept),-0.037130777008328786,0.1181002481893257,0.27113300827192327,1,1.0641188864448705,8
mice,MAR,0.1,(Intercept),0.0577094915751194,0.1393894175851744,0.2861712681857633,1,1.133629837704619,8
missforest,MAR,0.1,(Intercept),-0.06570001209893972,0.12442298261299618,0.2646244186855278,1,1.0385745488256903,8
complete_case,MAR,0.2,(Intercept),0.26729939572872513,0.27959860244876034,0.473645503680948,1,1.8646484336521074,8
knn,MAR,0.2,(Intercept),0.04878955943356178,0.12665383291875126,0.27941481175897126,1,1.0966225773844636,8
mean_mode,MAR,0.2,(Intercept),-0.14195474312737139,0.11858219065692242,0.29005048212627077,1,1.138364517179912,8
mice,MAR,0.2,(Intercept),0.1387011232832922,0.14786770346946498,0.2870407498748532,1,1.1360707078573586,8
missforest,MAR,0.2,(Intercept),-0.027247973007949844,0.08279449956151193,0.2777484575005802,1,1.0900826173509606,8
complete_case,MAR,0.3,(Intercept),0.5166287976973172,0.31272306599804917,0.6292961038590774,1,2.4897596649494202,8
knn,MAR,0.3,(Intercept),0.0058430415035189975,0.25742351629865023,0.2931809623782405,1,1.1506507496124556,8
mean_mode,MAR,0.3,(Intercept),-0.2168789842892131,0.16579505961883312,0.31193645222304955,1,1.2242606398120661,8
mice,MAR,0.3,(Intercept),0.21275923035420935,0.22995059031109627,0.3252853575153011,0.875,1.312058644945306,8
missforest,MAR,0.3,(Intercept),-0.08391412880189647,0.27757652332119126,0.2898441472047345,1,1.1375547121018093,8
complete_case,MCAR,0.1,(Intercept),0.058963092295150676,0.1574169615921597,0.36480322621794475,1,1.4333651485797936,8
knn,MCAR,0.1,(Intercept),-0.015853798403538455,0.10633905741056435,0.26197118246139767,1,1.0281613616070215,8
mean_mode,MCAR,0.1,(Intercept),-0.08582354816707083,0.11386870493005989,0.26836794491296645,1,1.0532668099631617,8
mice,MCAR,0.1,(Intercept),0.041832824175093486,0.16351440410555654,0.26743962639395213,1,1.052096100856608,8
missforest,MCAR,0.1,(Intercept),-0.04052817166102196,0.1473668210335425,0.26265900404058007,1,1.0308608629977862,8
complete_case,MCAR,0.2,(Intercept),0.06849453883330509,0.7361590962825885,0.5033099614584737,0.875,1.9823109674706014,8
knn,MCAR,0.2,(Intercept),-0.009583100254208166,0.18072486128395018,0.27772267784683335,1,1.0899814396425993,8
mean_mode,MCAR,0.2,(Intercept),-0.20130061449369946,0.14906976031858443,0.289316353743215,1,1.135483274934772,8
mice,MCAR,0.2,(Intercept),0.09771696552953413,0.19495620710974196,0.2896482344407183,1,1.1479765057295253,8
missforest,MCAR,0.2,(Intercept),-0.08007274539342973,0.13054079419363004,0.2751966918390171,1,1.0800676728351406,8
complete_case,MCAR,0.3,(Intercept),-0.08804091798218833,0.5962752544120662,0.8505391622830418,1,3.3721371175758903,8
knn,MCAR,0.3,(Intercept),0.0020352343144654506,0.2861862529649321,0.2916320158032558,1,1.144571580886226,8
mean_mode,MCAR,0.3,(Intercept),-0.2482111434014307,0.21638302432543144,0.3151119362998055,1,1.2367234992817326,8
mice,MCAR,0.3,(Intercept),0.1316636134620765,0.2515334475516463,0.3227065899303806,1,1.2991510818026808,8
missforest,MCAR,0.3,(Intercept),-0.12033120348457138,0.29290065512440094,0.2893733096686886,0.875,1.1357068105211536,8
complete_case,MAR,0.1,age,1.4008555173836666e-4,0.0027987900990144136,0.0027048506195740778,1,0.010626810083302544,8
knn,MAR,0.1,age,-0.001635350723647923,6.65761281674875e-4,0.0022387550784093023,1,0.008786468221790465,8
mean_mode,MAR,0.1,age,-0.0018064371861040652,8.263640888117399e-4,0.0022392507320671776,1,0.008788413519494503,8
mice,MAR,0.1,age,-0.0013130549937776215,7.527647918518731e-4,0.0023309884109148672,1,0.009189285768878598,8
missforest,MAR,0.1,age,-3.2298547586235996e-4,7.518229196032829e-4,0.0022750596564460467,1,0.008928953223522775,8
complete_case,MAR,0.2,age,0.0034149082735837476,0.0032600765934339914,0.004038621777701414,1,0.01589928710663768,8
knn,MAR,0.2,age,-0.0012982648878820252,0.0010952768478655157,0.002334606234280407,1,0.009162656373502776,8
mean_mode,MAR,0.2,age,-0.001493250346542401,7.137210746594861e-4,0.0023583790814307426,1,0.009255957944559991,8
mice,MAR,0.2,age,-9.169244554533833e-4,0.001161416688868467,0.0025635245874531007,1,0.010200734420311535,8
missforest,MAR,0.2,age,0.0013975458440219626,0.0010434624047137254,0.0024477153275346453,1,0.009606576953765643,8
complete_case,MAR,0.3,age,0.003640796004143096,0.005925243540242004,0.005521922735530454,1,0.021847196147827853,8
knn,MAR,0.3,age,-0.0013725154160413619,0.0019523660672138413,0.0023791923646187224,1,0.009337644080344102,8
mean_mode,MAR,0.3,age,-0.0011101485818583786,7.909680351159626e-4,0.002474711192940161,1,0.009712527942238144,8
mice,MAR,0.3,age,4.192426513371537e-5,0.0021458700469112082,0.0028662943609694936,1,0.011625234252596,8
missforest,MAR,0.3,age,0.0031902225337551784,0.0014697792227916819,0.00259797635739044,0.75,0.010196308173823682,8
complete_case,MCAR,0.1,age,-0.0017872927819781452,0.0011932189760643888,0.003078447251570361,1,0.012095669113680502,8
knn,MCAR,0.1,age,-0.001994200682598819,7.225333385022731e-4,0.0022148421152013743,1,0.008692616735604404,8
mean_mode,MCAR,0.1,age,-0.002043029058006485,6.651161293853468e-4,0.002200738235328889,1,0.00863726307342909,8
mice,MCAR,0.1,age,-0.002004277721861765,0.0010969594940806325,0.002258537837020325,1,0.008885078602383883,8
missforest,MCAR,0.1,age,-9.046799796538375e-4,7.685310113949688e-4,0.0022375840744821448,1,0.008781872368991384,8
complete_case,MCAR,0.2,age,-0.0015970612655557953,0.0029000225867988837,0.004121628766124265,1,0.01623322170987562,8
knn,MCAR,0.2,age,-0.0022759522072163096,0.0012377743539835756,0.0023101719899533977,1,0.009066759009216158,8
mean_mode,MCAR,0.2,age,-0.002133739168418136,8.488213944782395e-4,0.0023220447833387013,1,0.009113356300179303,8
mice,MCAR,0.2,age,-0.0023074313388102277,0.00161451531825614,0.0024045102051301896,0.875,0.009506224710549497,8
missforest,MCAR,0.2,age,6.337421919052704e-4,0.0013627390539423974,0.0023876223893071306,1,0.009370729496765016,8
complete_case,MCAR,0.3,age,-0.0031602581901583196,0.006862581386435758,0.007210243483944271,1,0.028584679152757864,8
knn,MCAR,0.3,age,-0.0030628091508415637,0.0019584206103739313,0.002422598508545059,0.75,0.009508000680723187,8
mean_mode,MCAR,0.3,age,-0.0025722261306530417,0.001704994904595698,0.002483593619549394,1,0.00974738890576519,8
mice,MCAR,0.3,age,-0.0028891338541998904,0.0012486188811659618,0.0027300869189235038,1,0.010985948247025054,8
missforest,MCAR,0.3,age,0.0023972299310441123,0.0022234589132726092,0.0025610226889134276,1,0.010051275679254179,8
complete_case,MAR,0.1,bmi,-0.004936142258095381,0.007269292409021199,0.006265491060859744,0.875,0.024615837442623828,8
knn,MAR,0.1,bmi,-9.114652208197607e-4,0.003295569714811666,0.0049626072313440255,1,0.0194768026015662,8
mean_mode,MAR,0.1,bmi,-0.00122930591106888,0.004026737590294488,0.005039846360143369,1,0.01977994391310101,8
mice,MAR,0.1,bmi,-7.46323851897331e-4,0.0032674549371154585,0.005228701316533887,1,0.02065378915565509,8
missforest,MAR,0.1,bmi,0.00196995963820353,0.00386415409936331,0.0050020058404293575,1,0.019631430783116535,8
complete_case,MAR,0.2,bmi,-0.004213763686970613,0.0044720105735406995,0.009583890318177921,1,0.037729783172201284,8
knn,MAR,0.2,bmi,-0.0016370770992538666,0.004946068109670578,0.005206296643172246,1,0.02043321328430012,8
mean_mode,MAR,0.2,bmi,-0.0013708171722939364,0.005030945201670125,0.005399824983933496,1,0.021192756225157577,8
mice,MAR,0.2,bmi,-7.489597424313642e-5,0.0050075781036397595,0.006094004810115395,1,0.02464227565417748,8
missforest,MAR,0.2,bmi,0.004840744624354749,0.006279328929103011,0.005265950238713062,0.75,0.02066733644792342,8
complete_case,MAR,0.3,bmi,-0.008999190709715854,0.010418752821960609,0.012539899153992675,0.875,0.049612756679889125,8
knn,MAR,0.3,bmi,-8.795249679704764e-4,0.004851650906240984,0.005412598302428905,1,0.021242887817545276,8
mean_mode,MAR,0.3,bmi,5.932270414418985e-4,0.004046403553894718,0.00579752356415661,1,0.02275360849108048,8
mice,MAR,0.3,bmi,5.641157906890034e-4,0.005463454039419956,0.0062595670674223634,1,0.025371057270758918,8
missforest,MAR,0.3,bmi,0.010039578887046964,0.004295435506969802,0.0055913301370676015,0.5,0.02194435873788867,8
complete_case,MCAR,0.1,bmi,-0.00408447528110701,0.005753772071495459,0.006613462059880043,0.875,0.02598526369914233,8
knn,MCAR,0.1,bmi,-7.974936374232889e-4,0.0029912829473695917,0.004738916499619421,1,0.018598880972370477,8
mean_mode,MCAR,0.1,bmi,-5.547465323583528e-4,0.002709396181848119,0.004797489278651482,1,0.018828762242809778,8
mice,MCAR,0.1,bmi,1.9630426456226273e-4,0.0016567410762403628,0.004999241526041566,1,0.01974908822115363,8
missforest,MCAR,0.1,bmi,0.001202185813792226,0.0020919679723466053,0.004767494500802644,1,0.018711041387621034,8
complete_case,MCAR,0.2,bmi,-0.003960296020625146,0.0101266196821714,0.008987788208308449,0.875,0.035398653392723425,8
knn,MCAR,0.2,bmi,-0.003908145047004189,0.003442540051874362,0.004968403722715643,1,0.01949955215899916,8
mean_mode,MCAR,0.2,bmi,-0.0028114643023009877,0.003186315877660715,0.0051466948273995086,1,0.020199293341337774,8
mice,MCAR,0.2,bmi,-0.002240994907164545,0.0031047418733452137,0.005441007339343647,1,0.021678884684241628,8
missforest,MCAR,0.2,bmi,0.002658668401762158,0.002825801771468992,0.005034902168688493,1,0.019760539387112582,8
complete_case,MCAR,0.3,bmi,0.010744032130185674,0.019203274932282313,0.015682022844298194,0.875,0.062174047955844004,8
knn,MCAR,0.3,bmi,-0.005588802733170978,0.0020257806480067416,0.0052054451500736666,1,0.02042987141938426,8
mean_mode,MCAR,0.3,bmi,-0.0026239473384170784,0.0033915947059485617,0.005500324260029421,1,0.02158718690864136,8
mice,MCAR,0.3,bmi,-0.0031744379626750512,0.00291986897503212,0.005815238576286527,1,0.023458119770723432,8
missforest,MCAR,0.3,bmi,0.0045544353580216305,0.0027790601963704146,0.005304808845766303,1,0.020819845277187114,8
complete_case,MAR,0.1,income_ratio,-0.011458729079566743,0.015533029008860808,0.02635172393990932,1,0.10353057951457903,8
knn,MAR,0.1,income_ratio,-0.01554352090489887,0.009797640537100617,0.02232302957231969,1,0.08761145506396309,8
mean_mode,MAR,0.1,income_ratio,-0.014876074216162646,0.0077380771718346345,0.022756993977076367,1,0.08931464023529144,8
mice,MAR,0.1,income_ratio,-0.017173745739169213,0.005556048690225752,0.02279176845483362,1,0.08964296197538829,8
missforest,MAR,0.1,income_ratio,-0.021685481807686702,0.006603002183098147,0.022653095653416236,1,0.08890686927010588,8
complete_case,MAR,0.2,income_ratio,-0.015149220879682502,0.030600183774179664,0.0370551746273254,1,0.1458790636763141,8
knn,MAR,0.2,income_ratio,-0.025372216700060915,0.016488377104295994,0.02292893068621366,0.875,0.08998944224716111,8
mean_mode,MAR,0.2,income_ratio,-0.016801460367613246,0.0077146820699428185,0.024068800390640643,1,0.09446310219840759,8
mice,MAR,0.2,income_ratio,-0.022321131855631213,0.011415343138818262,0.024570412122399795,0.875,0.09753619489461451,8
missforest,MAR,0.2,income_ratio,-0.03641391682444459,0.012559274118671564,0.023700508437596024,0.75,0.09301766246586349,8
complete_case,MAR,0.3,income_ratio,0.003227608786554998,0.04794964237215407,0.04673919924248535,0.875,0.18491812592192705,8
knn,MAR,0.3,income_ratio,-0.016259434574586666,0.0178909463100866,0.023697026265977295,1,0.09300399594621342,8
mean_mode,MAR,0.3,income_ratio,-0.010916578959597523,0.013216883722995492,0.025690314977240232,1,0.1008270794479646,8
mice,MAR,0.3,income_ratio,-0.020721195725276732,0.01761387762977091,0.025916454220200735,0.875,0.10363570520293008,8
missforest,MAR,0.3,income_ratio,-0.03594836356044924,0.022939892091830262,0.025297788712873946,0.875,0.09928652703053667,8
complete_case,MCAR,0.1,income_ratio,-0.031509688862679346,0.018245934809069653,0.031083102526996188,1,0.12213005891890358,8
knn,MCAR,0.1,income_ratio,-0.02048030671872765,0.008167033589515585,0.02232640019053736,1,0.08762468376867624,8
mean_mode,MCAR,0.1,income_ratio,-0.021577342995079143,0.007332374687039203,0.022800066852744858,1,0.08948368885384386,8
mice,MCAR,0.1,income_ratio,-0.020811464095239082,0.007834352139027568,0.022906451997898113,1,0.09011333704641938,8
missforest,MCAR,0.1,income_ratio,-0.026951815695200068,0.007457085301918995,0.022788254495265663,1,0.08943732875638777,8
complete_case,MCAR,0.2,income_ratio,-0.012338831452148353,0.022029143487928057,0.04163624915625898,1,0.16398590692659915,8
knn,MCAR,0.2,income_ratio,-0.017092661652110507,0.016023213450049242,0.022975749865037684,1,0.09017319402549315,8
mean_mode,MCAR,0.2,income_ratio,-0.010294479074016583,0.011545010446701488,0.02439053506440143,1,0.095725818032806,8
mice,MCAR,0.2,income_ratio,-0.013399969199089534,0.013164524903279034,0.025832152331030502,1,0.10329715389639954,8
missforest,MCAR,0.2,income_ratio,-0.02340853404966509,0.014272022098834953,0.024179404150272765,1,0.09489719006652254,8
complete_case,MCAR,0.3,income_ratio,-0.043130338361988305,0.07834767420970011,0.07317049405017748,0.875,0.2900883707867012,8
knn,MCAR,0.3,income_ratio,-0.009846991736911797,0.019956754651433203,0.024084558556532302,1,0.0945249484562569,8
mean_mode,MCAR,0.3,income_ratio,-0.005878770995004093,0.012266052531571281,0.026091756802078658,1,0.10240262286977857,8
mice,MCAR,0.3,income_ratio,-0.01187259553455916,0.01353407735896721,0.025038439535210663,1,0.09929094122888643,8
missforest,MCAR,0.3,income_ratio,-0.01912843160520539,0.02245501913099888,0.025431128544842273,0.875,0.09980984742747845,8
complete_case,MAR,0.1,sexFemale,-0.03850715008251538,0.06447872692248882,0.08379535057433446,1,0.3292149114700399,8
knn,MAR,0.1,sexFemale,0.0046191768058981685,0.0323286777842174,0.06909471841297965,1,0.2711768489032604,8
mean_mode,MAR,0.1,sexFemale,-0.007436033394711,0.023175351071522538,0.06792103066999236,1,0.2665704629008263,8
mice,MAR,0.1,sexFemale,-0.020109167049896452,0.023403299874214384,0.07339159319216998,1,0.2892454340237497,8
missforest,MAR,0.1,sexFemale,-0.0066638421202156635,0.033494939684578215,0.06861892222909874,1,0.26930948605949223,8
complete_case,MAR,0.2,sexFemale,-0.07519646663545851,0.08214030917428654,0.11850190336726384,1,0.46651746805897665,8
knn,MAR,0.2,sexFemale,-0.01658322703241924,0.0530869287748162,0.06918652743163356,1,0.2715371728317937,8
mean_mode,MAR,0.2,sexFemale,0.007830091969975752,0.04708126859928689,0.06891870359281843,1,0.270486041481392,8
mice,MAR,0.2,sexFemale,-0.048846612266466125,0.04310138453845639,0.08060530641594588,1,0.32165290329410384,8
missforest,MAR,0.2,sexFemale,-0.062333571335398116,0.0626255751820917,0.06893228142588301,1,0.2705393305615121,8
complete_case,MAR,0.3,sexFemale,0.04418818596966928,0.16448058126847706,0.1549909259728731,1,0.6132064330711615,8
knn,MAR,0.3,sexFemale,-3.79145508646565e-4,0.03956116375866657,0.07068130562976074,1,0.2774037462962754,8
mean_mode,MAR,0.3,sexFemale,0.029971191573763052,0.048731925743199865,0.07146481950382419,1,0.28047881235516825,8
mice,MAR,0.3,sexFemale,-0.026499018242018942,0.03746235906890218,0.08370686781617505,1,0.33598530667241694,8
missforest,MAR,0.3,sexFemale,-0.05347729600250835,0.060413786871487116,0.0701095297164554,1,0.27515969068666746,8
complete_case,MCAR,0.1,sexFemale,-0.01851234607183321,0.07406833304667379,0.09684308819590069,1,0.38051065496402525,8
knn,MCAR,0.1,sexFemale,-0.011682174290548204,0.016988968247995163,0.06836634887162084,1,0.2683182084514355,8
mean_mode,MCAR,0.1,sexFemale,-0.017485670263082044,0.019849131074503146,0.06778821734951243,1,0.2660492089096767,8
mice,MCAR,0.1,sexFemale,-0.03403967529892693,0.02084234283639028,0.07231912846237593,1,0.28490305917917125,8
missforest,MCAR,0.1,sexFemale,-0.028124463392833213,0.0255200451016667,0.06833277434273169,1,0.2681864381055003,8
complete_case,MCAR,0.2,sexFemale,-0.021777076119071183,0.05306077887523184,0.1294111632140796,1,0.509690067449715,8
knn,MCAR,0.2,sexFemale,0.010493108752004637,0.04823332696708123,0.0693489225986498,1,0.27217452704178363,8
mean_mode,MCAR,0.2,sexFemale,0.007513563612868761,0.02820295010237898,0.06914712319013629,1,0.2713825225446504,8
mice,MCAR,0.2,sexFemale,-0.02604658830680926,0.04233242818676099,0.07806502369679003,1,0.3101350894627355,8
missforest,MCAR,0.2,sexFemale,-0.029799526731664937,0.057742620405444846,0.0687383927494917,1,0.2697783734071959,8
complete_case,MCAR,0.3,sexFemale,-0.09755428854275092,0.2633658454406221,0.22474341568065045,1,0.8909871431139065,8
knn,MCAR,0.3,sexFemale,0.009965816889295973,0.04852757816899175,0.07233003292646373,1,0.2838745255872251,8
mean_mode,MCAR,0.3,sexFemale,-0.009150362690715867,0.04403762568324039,0.07167129210154762,1,0.28128915777261176,8
mice,MCAR,0.3,sexFemale,-0.0414469261970593,0.04830935255353018,0.08484982059604718,1,0.3410356542346887,8
missforest,MCAR,0.3,sexFemale,-0.0469724331314015,0.05478459931265051,0.07171045200786536,1,0.2814428491146203,8
complete_case,MAR,0.1,smoking_statusYes,-0.052043583141833,0.06829423258999764,0.08602291926656452,1,0.3379665869289791,8
knn,MAR,0.1,smoking_statusYes,-0.039185104795459516,0.04681810113730961,0.07108318041053172,1,0.278980988945298,8
mean_mode,MAR,0.1,smoking_statusYes,-0.04919597311690376,0.03555307081112339,0.07003527468330006,1,0.2748682610901835,8
mice,MAR,0.1,smoking_statusYes,-0.05596521204902239,0.03763513494176965,0.07635322494307127,1,0.30140147964788594,8
missforest,MAR,0.1,smoking_statusYes,-0.047334675421131026,0.03976457400703642,0.07048155274817669,1,0.2766197738273011,8
complete_case,MAR,0.2,smoking_statusYes,-0.10774298585361808,0.058759444785323293,0.12208881013384634,1,0.4806390936390804,8
knn,MAR,0.2,smoking_statusYes,-0.05386254339039704,0.057470114436195575,0.07219978946639818,0.875,0.28336335755727915,8
mean_mode,MAR,0.2,smoking_statusYes,-0.011459100590299667,0.0492306106497297,0.07228407707205158,1,0.28369416210830245,8
mice,MAR,0.2,smoking_statusYes,-0.0691482664135468,0.03669071777942654,0.08050606308161695,1,0.319997933744075,8
missforest,MAR,0.2,smoking_statusYes,-0.09125371028949182,0.05655450533598919,0.07157823004134957,0.875,0.2809239160172852,8
complete_case,MAR,0.3,smoking_statusYes,-0.036056342143231335,0.23765812610686218,0.15853817257598815,0.875,0.6272415687316395,8
knn,MAR,0.3,smoking_statusYes,-0.07736721754423967,0.07326088502449168,0.07325955140616683,0.75,0.2875226176283077,8
mean_mode,MAR,0.3,smoking_statusYes,-0.06045759317200013,0.03137348241272189,0.07485710311593949,1,0.29379254749511474,8
mice,MAR,0.3,smoking_statusYes,-0.10221853324783688,0.04495721839489106,0.09380693579012633,1,0.38229376042168284,8
missforest,MAR,0.3,smoking_statusYes,-0.07146081611462438,0.04571326815424978,0.07321751376435619,1,0.28735763200417647,8
complete_case,MCAR,0.1,smoking_statusYes,-0.08377152257844805,0.08402276149952792,0.09907771641772899,0.875,0.3892908247454244,8
knn,MCAR,0.1,smoking_statusYes,-0.06927730224280737,0.04762239489995237,0.07013620910589363,1,0.27526439959821236,8
mean_mode,MCAR,0.1,smoking_statusYes,-0.05057060966137595,0.05280714094076727,0.069769680159622,1,0.2738258791589554,8
mice,MCAR,0.1,smoking_statusYes,-0.06735646914942295,0.04656256533673285,0.07334336084634294,1,0.2886029501839552,8
missforest,MCAR,0.1,smoking_statusYes,-0.07297648158270742,0.04304937825160386,0.07019701681365649,0.875,0.27550305231956224,8
complete_case,MCAR,0.2,smoking_statusYes,-0.052628839847389614,0.13832910269777002,0.13323995018617496,0.875,0.5247700468924508,8
knn,MCAR,0.2,smoking_statusYes,-0.02758652348395508,0.044701170757905084,0.07159295123301887,1,0.2809816924502843,8
mean_mode,MCAR,0.2,smoking_statusYes,-0.02992547829384581,0.026317503223387426,0.07186698229883211,1,0.2820571853770328,8
mice,MCAR,0.2,smoking_statusYes,-0.06685700498854488,0.049515426365583405,0.07831577022919632,1,0.31031224688253034,8
missforest,MCAR,0.2,smoking_statusYes,-0.06886601630598084,0.04428912073223501,0.071168236364932,0.875,0.2793148090436284,8
complete_case,MCAR,0.3,smoking_statusYes,-0.03887787954640632,0.14441014286624895,0.227143677272587,1,0.900502217547862,8
knn,MCAR,0.3,smoking_statusYes,-0.02901229500864601,0.061578150271844385,0.07493493726939446,1,0.29409802410686986,8
mean_mode,MCAR,0.3,smoking_statusYes,0.016473585768629385,0.0651639388600756,0.07458593587690875,1,0.29272829426281066,8
mice,MCAR,0.3,smoking_statusYes,-0.030612916297347907,0.05388515419956207,0.09083564412806604,1,0.36717900365750994,8
missforest,MCAR,0.3,smoking_statusYes,-0.06444712506357127,0.06679190924785294,0.0741410632249623,0.875,0.290982297366246,8
complete_case,MAR,0.1,systolic_bp,-6.065284296685756e-4,0.0029218476541237734,0.0024864045370755054,1,0.009768584847382376,8
knn,MAR,0.1,systolic_bp,0.0013415734681520206,4.919795328529914e-4,0.0020085143206038784,1,0.007882839628681606,8
mean_mode,MAR,0.1,systolic_bp,0.0018728003810686523,7.594654406844237e-4,0.001990323228938408,1,0.007811444838612878,8
mice,MAR,0.1,systolic_bp,8.73480037078626e-4,0.001139603256777366,0.002225497414306425,1,0.008853757436703446,8
missforest,MAR,0.1,systolic_bp,8.00015959078258e-4,9.490690612086518e-4,0.0020389192783743723,1,0.008002170321802867,8
complete_case,MAR,0.2,systolic_bp,-0.0015661407746913475,0.002589718233782715,0.0037470450172178847,1,0.014751353422544067,8
knn,MAR,0.2,systolic_bp,0.0014156349182096336,0.0016536836557289154,0.002115230405951154,1,0.00830166949609343,8
mean_mode,MAR,0.2,systolic_bp,0.002627216481097036,0.0015592971134508135,0.0021086599143602873,0.875,0.008275882210953819,8
mice,MAR,0.2,systolic_bp,2.681228361570677e-4,0.001414725620026495,0.0024309198807756305,1,0.009783280640754066,8
missforest,MAR,0.2,systolic_bp,-1.2366490163934668e-4,0.001616828108501535,0.0022156270345384194,1,0.008695697317700287,8
complete_case,MAR,0.3,systolic_bp,-0.004012953615662022,0.003519193291279262,0.0050760315142376385,1,0.020082889809197813,8
knn,MAR,0.3,systolic_bp,0.0016030177067235766,0.0024711723693922865,0.0021913134252758513,0.875,0.008600273411261012,8
mean_mode,MAR,0.3,systolic_bp,0.002662169972805844,0.0014529319416298277,0.0022206626189338738,0.875,0.008715460534630761,8
mice,MAR,0.3,systolic_bp,-7.255184604298234e-4,0.002710379008880698,0.002829525958443884,1,0.011724684239944331,8
missforest,MAR,0.3,systolic_bp,-0.0015933822644848175,0.0026434545121680744,0.002388954907682964,0.875,0.00937595924720852,8
complete_case,MCAR,0.1,systolic_bp,0.002253027656975923,0.0014045908302123774,0.002749197935006004,1,0.010802001646288162,8
knn,MCAR,0.1,systolic_bp,0.0016973006232406944,0.0010301030248193856,0.002009723973748983,1,0.007887587168518078,8
mean_mode,MCAR,0.1,systolic_bp,0.002171242167895495,0.001028493678243369,0.001982994831006407,1,0.007782682989598151,8
mice,MCAR,0.1,systolic_bp,0.001072794956386653,0.0014582018756141035,0.0020425155010209816,1,0.008039303985644567,8
missforest,MCAR,0.1,systolic_bp,0.0011429882184508951,0.0012793787480549575,0.0020335850267034906,1,0.007981234921925835,8
complete_case,MCAR,0.2,systolic_bp,0.001317089325091407,0.004487360427293938,0.0037683294742105037,0.875,0.01484170222694889,8
knn,MCAR,0.2,systolic_bp,0.0022110383111077305,0.00108792670939142,0.002089270030352947,1,0.00819978250657001,8
mean_mode,MCAR,0.2,systolic_bp,0.003248971580784378,9.871579829917694e-4,0.0020602477365528507,0.75,0.00808587837089332,8
mice,MCAR,0.2,systolic_bp,0.0011446141022219433,0.0016220747297760328,0.002202535422665182,1,0.008729559919986543,8
missforest,MCAR,0.2,systolic_bp,3.826741521585161e-4,0.001188368874085045,0.0021760227099997254,1,0.00854026176230583,8
complete_case,MCAR,0.3,systolic_bp,0.0010566423283891653,0.005693921927198271,0.005974914632113174,1,0.02368712301092656,8
knn,MCAR,0.3,systolic_bp,0.0027165472274265196,0.001976078440571353,0.002164755565459351,0.75,0.008496041468442931,8
mean_mode,MCAR,0.3,systolic_bp,0.0037033593257024015,0.0018646516613445103,0.002189967192760293,0.625,0.008594989836773042,8
mice,MCAR,0.3,systolic_bp,0.0012404525690377457,0.0019240080165645519,0.002546504417617668,1,0.010334217403774234,8
missforest,MCAR,0.3,systolic_bp,-4.940599945148388e-4,0.002519791500881211,0.002340040607321775,1,0.00918398472089273,8
